year,pop,vintage
2006,44360.52,2026-10-02T23:00:00+0200
2007,45236,2026-10-02T23:00:00+0200
2008,45983.17,2026-10-02T23:00:00+0200
2009,46367.55,2026-10-02T23:00:00+0200
2010,46562.48,2026-10-02T23:00:00+0200
2011,46736.26,2026-10-02T23:00:00+0200
2012,46749.3,2026-10-02T23:00:00+0200
2013,46581.12,2026-10-02T23:00:00+0200
2014,46433.05,2026-10-02T23:00:00+0200
2015,46384.38,2026-10-02T23:00:00+0200
2016,46427.1,2026-10-02T23:00:00+0200
2017,46510.46,2026-10-02T23:00:00+0200
2018,46715.38,2026-10-02T23:00:00+0200
2019,47087.78,2026-10-02T23:00:00+0200
2020,47344.85,2026-10-02T23:00:00+0200
2021,47346.84,2026-10-02T23:00:00+0200
2022,47786.04,2026-10-02T23:00:00+0200
2023,48352.53,2026-10-02T23:00:00+0200
2024,48874,2026-10-02T23:00:00+0200
2025,49362.34,2026-10-02T23:00:00+0200
